3,9,2015-06-25,2015-06-30
10,6,2015-06-22,2015-07-23
3,7,2015-06-22,2015-07-29
1,19,2015-07-26,2015-07-31
1,34,2015-07-23,2015-08-20
1,11,2015-07-26,2015-08-21
2,40,2015-07-23,2015-08-23
3,5,2015-07-26,2015-08-23
2,35,2015-07-13,2015-09-21
5,40,2015-07-25,2015-09-22
8,9,2015-07-26,2015-09-22
5,12,2015-07-25,2015-09-23
2,5,2015-08-23,2015-09-23
1,15,2015-09-23,2015-09-26
6,2,2015-09-21,2015-09-28
12,38,2015-07-26,2015-10-22
2,18,2015-09-23,2015-10-28
3,5,2015-11-23,2015-12-24
3,40,2015-11-23,2015-12-24
1,37,2015-08-11,
13,27,2015-08-22,
13,6,2015-08-25,
8,33,2015-08-30,
13,13,2015-09-04,
3,3,2015-09-13,
10,19,2015-09-21,
2,5,2015-09-29,
