--
-- Contenu de la table `ADHERENT`
--

INSERT INTO `ADHERENT` (`idAdherent`, `nomAdherent`, `adresse`, `datePaiement`) VALUES
(1, 'millet', 'Montbeliard', '2015-11-03'),
(2, 'lauvernay', 'sevenans', '2015-06-13'),
(3, 'axelrad', 'sevenans', '2016-01-12'),
(4, 'bedez', 'hericourt', '2015-03-17'),
(5, 'berger', 'les glacis', '2009-11-03'),
(6, 'cambot', 'sevenans', '2014-12-15'),
(7, 'bonilla', 'sochaux', '2015-03-17'),
(8, 'asproitis', 'grenoble', '2015-12-04'),
(9, 'pereira', 'danjoutin', '2014-11-03'),
(10, 'dupont', 'grenoble', '2015-03-14'),
(11, 'durant', 'belfort', '2014-12-16'),
(12, 'piton', 'belfort', '2015-11-03'),
(13, 'durant', 'paris', '2015-11-03');

-- --------------------------------------------------------

--
-- Contenu de la table `AUTEUR`
--

INSERT INTO `AUTEUR` (`idAuteur`, `nomAuteur`, `prenomAuteur`) VALUES
(1, 'Christie', 'agatha'),
(2, 'Chateaubriand', ''),
(3, 'Flaubert', ''),
(4, 'Prevert', ''),
(5, 'De la fontaine', 'jean'),
(6, 'Daudet', ''),
(7, 'hugo', 'victor'),
(8, 'kessel', ''),
(9, 'duras', ''),
(10, 'Proust', 'marcel'),
(11, 'Zola', 'émile'),
(12, 'Highsmith', ''),
(13, 'Kipling', ''),
(14, 'Azimov', ''),
(15, 'Baudelaire', ''),
(16, 'Moliere', '');

-- --------------------------------------------------------

--
-- Contenu de la table `OEUVRES`
--

INSERT INTO `OEUVRE` (`noOeuvre`, `titre`, `dateParution`, `idAuteur`) VALUES
(1, 'le retour de Poirot', '1992-02-12', 1),
(2, 'Poirot quitte la scène', '1992-05-01', 1),
(3, 'dix brèves rencontres', '1992-10-01', 1),
(4, 'le miroir de la mort', '1992-01-01', 1),
(5, 'paroles', '1992-03-01', 4),
(6, 'une créature de rêve', '1992-02-01', 12),
(7, 'mémoire d\'outre-tombe', '0000-00-00', 2),
(8, 'Madame de Bovary', '0000-00-00', 3),
(9, 'un amour de de swam', '0000-00-00', 9),
(10, 'les femmes savantes', '0000-00-00', 16),
(11, 'le misanthrope', '0000-00-00', 16),
(12, 'Les fleurs du mal', '0000-00-00', 15),
(13, 'petits poèmes en prose', '0000-00-00', 15),
(14, 'les mondes perdus', '1980-05-06', 14),
(15, 'La guerre des mondes', '1970-03-15', 14),
(16, 'spectacles', '1948-05-12', 4),
(17, 'Les fables', '0000-00-00', 5),
(18, 'Le triomphe de l\'amour', '1980-05-06', 5),
(19, 'le livre de la jungle', '0000-00-00', 13),
(20, 'kim', '1901-07-01', 13),
(21, 'le marin de Gibraltar', '1952-07-12', 9),
(22, 'l’assommoir', '0000-00-00', 11),
(23, 'j\'accuse', '0000-00-00', 11),
(24, 'la terre', '0000-00-00', 10);

-- --------------------------------------------------------


--
-- Contenu de la table `EXEMPLAIRE`
--

INSERT INTO `EXEMPLAIRE` (`noExemplaire`, `etat`, `dateAchat`, `prix`, `noOeuvre`) VALUES
	(1, 'bon', '2015-08-25', 13, 1),
	(2, 'moyen', '2013-09-28', 12, 1),
	(3, 'moyen', '2015-05-26', 12, 1),
	(4, 'bon', '2007-01-11', 10, 1),
	(5, 'mauvais', '2014-10-29', 13, 2),
	(6, 'neuf', '2015-10-29', 20, 2),
	(7, 'bon', '2014-12-27', 7, 3),
	(8, 'moyen', '2014-09-25', 13, 3),
	(9, 'neuf', '2006-12-29', 18, 4),
	(10, 'neuf', '2006-12-29', 21, 4),
	(11, 'bon', '2009-04-29', 26, 5),
	(12, 'mauvais', '2015-10-27', 22, 6),
	(13, 'bon', '2015-01-24', 22, 6),
	(14, 'bon', '2015-05-01', 28, 7),
	(15, 'mauvais', '2015-01-26', 28, 7),
	(16, 'bon', '2015-01-24', 30, 8),
	(17, 'bon', '2015-01-23', 32, 9),
	(18, 'mauvais', '2007-01-29', 17, 10),
	(19, 'bon', '2014-10-29', 18, 10),
	(20, 'bon', '2014-10-29', 18, 10),
	(21, 'bon', '2014-10-29', 19, 10),
	(22, 'bon', '2015-01-26', 20, 11),
	(23, 'bon', '2015-10-29', 21, 12),
	(24, 'mauvais', '2015-01-24', 22, 13),
	(25, 'bon', '2007-01-28', 22, 13),
	(26, 'mauvais', '2015-01-23', 26, 14),
	(27, 'moyen', '2006-12-26', 13, 14),
	(28, 'bon', '2015-02-23', 12, 15),
	(29, 'bon', '2015-10-29', 15, 15),
	(30, 'mauvais', '2015-01-26', 32, 16),
	(31, 'bon', '2015-01-23', 19, 17),
	(32, 'mauvais', '2013-10-29', 19, 17),
	(33, 'bon', '2014-01-23', 20, 17),
	(34, 'bon', '2015-01-25', 11, 18),
	(35, 'mauvais', '2014-10-29', 15, 18),
	(36, 'neuf', '2015-10-29', 18, 18),
	(37, 'bon', '2015-01-23', 8, 19),
	(38, 'mauvais', '2014-09-28', 18, 20),
	(39, 'bon', '2014-12-26', 18, 20),
	(40, 'bon', '2015-01-23', 11, 24);

-- --------------------------------------------------------

--
-- Contenu de la table `EMPRUNT`
--

INSERT INTO `EMPRUNT` (`idAdherent`, `noExemplaire`, `dateEmprunt`, `dateRendu`) VALUES
(1, 11, '2015-07-26', '2015-08-21'),
(1, 15, '2015-09-23', '2015-09-26'),
(1, 19, '2015-07-26', '2015-07-31'),
(1, 34, '2015-07-23', '2015-08-20'),
(1, 37, '2015-08-11', '0000-00-00'),
(2, 5, '2015-08-23', '2015-09-23'),
(2, 5, '2015-09-29', '0000-00-00'),
(2, 18, '2015-09-23', '2015-10-28'),
(2, 35, '2015-07-13', '2015-09-21'),
(2, 40, '2015-07-23', '2015-08-23'),
(3, 3, '2015-09-13', '0000-00-00'),
(3, 5, '2015-07-26', '2015-08-23'),
(3, 5, '2015-11-23', '2015-12-24'),
(3, 7, '2015-06-22', '2015-07-29'),
(3, 9, '2015-06-25', '2015-06-30'),
(3, 40, '2015-11-23', '2015-12-24'),
(5, 12, '2015-07-25', '2015-09-23'),
(5, 40, '2015-07-25', '2015-09-22'),
(6, 2, '2015-09-21', '2015-09-28'),
(8, 9, '2015-07-26', '2015-09-22'),
(8, 33, '2015-08-30', '0000-00-00'),
(10, 6, '2015-06-22', '2015-07-23'),
(10, 19, '2015-09-21', '0000-00-00'),
(12, 38, '2015-07-26', '2015-10-22'),
(13, 6, '2015-08-25', '0000-00-00'),
(13, 13, '2015-09-04', '0000-00-00'),
(13, 27, '2015-08-22', '0000-00-00');

